season,tier,cbs_player_id,player,points,hr,team_abbrev_FILL_ME,active_status
2001,star,ui-only-111188,Barry Bonds,867,73,,A
2001,star,ui-only-122544,Sammy Sosa,847,64,,A
2001,star,ui-only-114935,Luis E. Gonzalez,790,57,,A
2001,star,ui-only-115732,Todd Helton,785,49,,A
2001,star,ui-only-121347,Alex Rodriguez,754,52,,A
2001,star,ui-only-115094,Shawn Green,708,49,,A
2001,star,ui-only-114739,Jason Giambi,703,38,,A
2001,star,ui-only-136267,Troy Glaus,637,41,,A
2001,star,ui-only-113232,Carlos Delgado,628,39,,A
2001,star,ui-only-114260,Cliff Floyd,624,31,,A
2001,star,ui-only-120044,Magglio Ordonez,621,31,,A
2001,star,ui-only-114932,Jeremi Gonzalez,593,35,,A
2001,star,ui-only-123041,Mike Sweeney,573,29,,A
2001,star,ui-only-116999,Jeff Kent,570,22,,A
2001,star,ui-only-123173,Miguel Tejada,570,31,,A
2001,star,ui-only-121409,Scott Rolen,569,25,,A
2001,star,ui-only-110236,Garret Anderson,567,28,,A
2001,star,ui-only-116662,Andruw Jones,563,34,,A
2001,star,ui-only-118362,Tino Martinez,540,34,,A
2001,star,ui-only-120536,Mike Piazza,530,36,,A
2001,star,ui-only-123726,Fernando Vina,464,9,,A
2001,star,ui-only-136780,Mike Lowell,456,18,,A
2001,star,ui-only-134001,Paul Lo Duca,452,25,,A
2001,star,ui-only-115169,Jason Grimsley,369,0,,A
2001,star,ui-only-116569,Charles Johnson,367,18,,A
2001,star,ui-only-123595,Ismael Valdez,359,0,,A
2001,star,ui-only-150342,Jim Brower,331,0,,A
2001,star,ui-only-150439,Gary Matthews,328,14,,A
2001,star,ui-only-150037,Ray King,320,0,,A
2001,tail,ui-only-276056,Danys Baez,297,0,,A
2001,tail,ui-only-131702,Braden Looper,294,0,,A
2001,tail,ui-only-121215,Ricardo Rincon,289,0,,A
2001,tail,ui-only-124580,Tim Worrell,278,0,,A
2001,tail,ui-only-123725,Ron Villone,261,0,,A
2001,tail,ui-only-112690,Rheal Cormier,257,0,,A
2001,tail,ui-only-133221,Justin Speier,253,0,,A
2001,tail,ui-only-406913,Victor Zambrano,240,0,,A
2001,tail,ui-only-400063,Dave Williams,237,0,,A
2001,tail,ui-only-112031,Hector Carrasco,220,0,,A
2001,tail,ui-only-132660,Jolbert Cabrera,214,1,,A
2001,tail,ui-only-110230,Brian J. Anderson,213,0,,A
2001,tail,ui-only-406895,Jose Acevedo,202,0,,A
2001,tail,ui-only-121616,Olmedo Saenz,201,9,,A
2001,tail,ui-only-113240,David Dellucci,196,10,,A
2001,tail,ui-only-122251,Randall Simon,194,6,,A
2001,tail,ui-only-119023,Danny Miceli,186,0,,A
2001,tail,ui-only-136500,Wes Helms,180,10,,A
2001,tail,ui-only-346852,Craig A. Wilson,170,13,,A
2001,tail,ui-only-113833,Alan Embree,169,0,,A
2001,tail,ui-only-136268,Chad Bradford,169,0,,A
2001,tail,ui-only-150221,Mike Lincoln,165,0,,A
2001,tail,ui-only-400125,Jesus Colome,163,0,,A
2001,tail,ui-only-119488,Terry Mulholland,162,0,,A
2001,tail,ui-only-329092,Randy Choate,161,0,,A
2001,tail,ui-only-406670,Rob Mackowiak,158,4,,A
2001,tail,ui-only-276520,Bronson Arroyo,157,0,,A
2001,tail,ui-only-121096,Dennys Reyes,153,0,,A
2001,tail,ui-only-150479,Felipe Lopez,134,5,,A
2001,tail,ui-only-228594,David Riske,129,0,,A
2001,tail,ui-only-276054,Brady Clark,121,6,,A
2001,tail,ui-only-115017,Tony Graffanino,117,2,,A
2001,tail,ui-only-218894,Vicente Padilla,115,0,,A
2001,tail,ui-only-400023,Aaron Rowand,114,4,,A
2001,tail,ui-only-111548,Emil Brown,103,3,,A
2001,tail,ui-only-150469,John Bale,102,0,,A
2001,tail,ui-only-131700,Cliff Politte,101,0,,A
2002,star,ui-only-121347,Alex Rodriguez,752,57,,A
2002,star,ui-only-115223,Vladimir Guerrero,705,39,,A
2002,star,ui-only-114739,Jason Giambi,688,41,,A
2002,star,ui-only-204020,Lance Berkman,683,42,,A
2002,star,ui-only-150093,Alfonso Soriano,675,39,,A
2002,star,ui-only-122544,Sammy Sosa,665,49,,A
2002,star,ui-only-120044,Magglio Ordonez,663,38,,A
2002,star,ui-only-114789,Brian Giles,657,38,,A
2002,star,ui-only-115094,Shawn Green,650,42,,A
2002,star,ui-only-136860,Carlos Beltran,644,29,,A
2002,star,ui-only-115732,Todd Helton,639,30,,A
2002,star,ui-only-150100,Pat Burrell,621,37,,A
2002,star,ui-only-110029,Bobby Abreu,620,20,,A
2002,star,ui-only-114596,Nomar Garciaparra,602,24,,A
2002,star,ui-only-124288,Bernie Williams,597,19,,A
2002,star,ui-only-110236,Garret Anderson,596,29,,A
2002,star,ui-only-110432,Jeff Bagwell,596,31,,A
2002,star,ui-only-116539,Derek Jeter,575,18,,A
2002,star,ui-only-114935,Luis E. Gonzalez,559,28,,A
2002,star,ui-only-123833,Larry Walker,557,26,,A
2002,star,ui-only-400085,Ichiro Suzuki,536,8,,A
2002,star,ui-only-111213,Aaron Boone,524,26,,A
2002,star,ui-only-119811,Trot Nixon,494,24,,A
2002,star,ui-only-150324,Carlos Lee,476,26,,A
2002,star,ui-only-276519,Jimmy Rollins,469,11,,A
2002,star,ui-only-123697,Robin Ventura,467,27,,A
2002,star,ui-only-110987,Craig Biggio,453,15,,A
2002,star,ui-only-112116,Luis Castillo,447,2,,A
2002,star,ui-only-133343,Preston Wilson,442,23,,A
2002,star,ui-only-134181,Adrian Beltre,439,21,,A
2002,star,ui-only-123595,Ismael Valdez,421,0,,A
2002,star,ui-only-110183,Roberto Alomar,421,11,,A
2002,star,ui-only-111851,Orlando Cabrera,407,7,,A
2002,star,ui-only-150128,Denny Stark,356,1,,A
2002,star,ui-only-133221,Justin Speier,337,0,,A
2002,star,ui-only-113961,Scott Eyre,328,0,,A
2002,star,ui-only-115174,Marquis Grissom,319,17,,A
2002,star,ui-only-110230,Brian J. Anderson,305,0,,A
2002,tail,ui-only-112087,Sean Casey,297,6,,A
2002,tail,ui-only-133982,Bob Howry,281,0,,A
2002,tail,ui-only-400067,Carlos Silva,280,0,,A
2002,tail,ui-only-407791,Brendan Donnelly,278,0,,A
2002,tail,ui-only-150037,Ray King,266,0,,A
2002,tail,ui-only-124805,B.J. Ryan,263,0,,A
2002,tail,ui-only-150221,Mike Lincoln,242,0,,A
2002,tail,ui-only-118469,Darrell May,222,0,,A
2002,tail,ui-only-114932,Jeremi Gonzalez,217,8,,A
2002,tail,ui-only-335092,Rocky Biddle,216,0,,A
2002,tail,ui-only-112690,Rheal Cormier,214,0,,A
2002,tail,ui-only-133321,Alex Cora,210,5,,A
2002,tail,ui-only-150342,Jim Brower,205,0,,A
2002,tail,ui-only-400023,Aaron Rowand,201,7,,A
2002,tail,ui-only-133729,Pete Munro,194,0,,A
2002,tail,ui-only-118065,John Mabry,194,11,,A
2002,tail,ui-only-276912,Scot Shields,191,0,,A
2002,tail,ui-only-113240,David Dellucci,185,7,,A
2002,tail,ui-only-150407,Guillermo Mota,183,0,,A
2002,tail,ui-only-228594,David Riske,169,0,,A
2002,tail,ui-only-123639,John Vander Wal,168,6,,A
2002,tail,ui-only-408307,Carl Crawford,167,2,,A
2002,tail,ui-only-150411,Brian Schneider,167,5,,A
2002,tail,ui-only-121096,Dennys Reyes,162,0,,A
2002,tail,ui-only-119865,Abraham O. Nunez,154,2,,A
2002,tail,ui-only-136660,Mark DeRosa,152,5,,A
2002,tail,ui-only-150220,Matt LeCroy,140,7,,A
2002,tail,ui-only-407901,Jorge Sosa,136,0,,A
2002,tail,ui-only-276542,Joaquin Benoit,134,0,,A
2002,tail,ui-only-400180,Zach Day,133,0,,A
2002,tail,ui-only-279615,Sun-Woo Kim,131,0,,A
2002,tail,ui-only-111867,Miguel Cairo,130,2,,A
2002,tail,ui-only-424805,Mark Hendrickson,128,0,,A
2002,tail,ui-only-132785,Brian Meadows,124,0,,A
2002,tail,ui-only-119182,Doug Mirabelli,121,7,,A
2002,tail,ui-only-121616,Olmedo Saenz,120,6,,A
2002,tail,ui-only-136607,Joe McEwing,119,3,,A
2002,tail,ui-only-119616,Greg Myers,117,6,,A
2002,tail,ui-only-124748,Gregg Zaun,114,3,,A
2002,tail,ui-only-136300,Vance Wilson,112,5,,A
2002,tail,ui-only-421064,Ty Wigginton,107,6,,A
2002,tail,ui-only-150285,Dan Kolb,107,0,,A
